{
	"pattrstorage" : 	{
		"name" : "console-config",
		"slots" : 		{
			"1" : 			{
				"id" : 1,
				"name" : "binaural",
				"data" : 				{
					"u696003519" : [ 0 ],
					"u696003519[1]" : [ 0 ],
					"u696003519[2]" : [ 0 ],
					"u696003519[3]" : [ 1 ],
					"u696003519[7]" : [ 0 ],
					"u696003519[5]" : [ 0 ],
					"u696003519[4]" : [ 1 ],
					"u696003519[9]" : [ 0 ],
					"u696003519[8]" : [ 0 ],
					"u696003519[6]" : [ 1 ],
					"u696003519[15]" : [ 0 ],
					"u696003519[14]" : [ 0 ],
					"u696003519[13]" : [ 1 ],
					"u696003519[12]" : [ 0 ],
					"u696003519[11]" : [ 0 ],
					"u696003519[10]" : [ 1 ],
					"u696003519[21]" : [ 0 ],
					"u696003519[20]" : [ 0 ],
					"u696003519[19]" : [ 1 ],
					"u696003519[18]" : [ 0 ],
					"u696003519[17]" : [ 0 ],
					"u696003519[16]" : [ 1 ],
					"u696003519[27]" : [ 0 ],
					"u696003519[26]" : [ 0 ],
					"u696003519[25]" : [ 1 ],
					"u696003519[24]" : [ 1 ],
					"u696003519[28]" : [ 0 ],
					"u696003519[29]" : [ 0 ],
					"u696003519[22]" : [ 2 ],
					"u696003519[23]" : [ -70.0 ],
					"u696003519[30]" : [ 1 ],
					"u696003519[31]" : [ -7.779527559055115 ],
					"u696003519[33]" : [ 2 ],
					"u696003519[32]" : [ -7.779527559055115 ],
					"u696003519[37]" : [ 35 ],
					"u696003519[36]" : [ -7.779527559055115 ],
					"u696003519[35]" : [ 36 ],
					"u696003519[34]" : [ -7.779527559055115 ],
					"u696003519[39]" : [ 30 ],
					"u696003519[38]" : [ -28.4375 ],
					"u696003519[40]" : [ 0 ],
					"u696003519[41]" : [ 0 ],
					"u696003519[43]" : [ 0 ],
					"u696003519[42]" : [ 0 ],
					"u696003519[45]" : [ 0 ],
					"u696003519[44]" : [ 0 ],
					"u696003519[47]" : [ 0 ],
					"u696003519[46]" : [ 0 ],
					"u696003519[49]" : [ 0 ],
					"u696003519[48]" : [ 0 ],
					"u696003519[51]" : [ 0 ],
					"u696003519[50]" : [ 0 ],
					"u696003519[53]" : [ 0 ],
					"u696003519[52]" : [ 0 ],
					"u696003519[61]" : [ 20 ],
					"u696003519[60]" : [ -7.779527559055115 ],
					"u696003519[59]" : [ 21 ],
					"u696003519[58]" : [ -7.779527559055115 ],
					"u696003519[57]" : [ 22 ],
					"u696003519[56]" : [ -7.779527559055115 ],
					"u696003519[55]" : [ 23 ],
					"u696003519[54]" : [ -7.779527559055115 ]
				}

			}
,
			"2" : 			{
				"id" : 2,
				"name" : "stereo",
				"data" : 				{
					"u696003519" : [ 0 ],
					"u696003519[1]" : [ 0 ],
					"u696003519[2]" : [ 0 ],
					"u696003519[3]" : [ 1 ],
					"u696003519[7]" : [ 0 ],
					"u696003519[5]" : [ 0 ],
					"u696003519[4]" : [ 1 ],
					"u696003519[9]" : [ 0 ],
					"u696003519[8]" : [ 0 ],
					"u696003519[6]" : [ 1 ],
					"u696003519[15]" : [ 0 ],
					"u696003519[14]" : [ 0 ],
					"u696003519[13]" : [ 1 ],
					"u696003519[12]" : [ 0 ],
					"u696003519[11]" : [ 0 ],
					"u696003519[10]" : [ 1 ],
					"u696003519[21]" : [ 0 ],
					"u696003519[20]" : [ 0 ],
					"u696003519[19]" : [ 1 ],
					"u696003519[18]" : [ 0 ],
					"u696003519[17]" : [ 0 ],
					"u696003519[16]" : [ 1 ],
					"u696003519[27]" : [ 0 ],
					"u696003519[26]" : [ 0 ],
					"u696003519[25]" : [ 1 ],
					"u696003519[24]" : [ 0 ],
					"u696003519[28]" : [ 0 ],
					"u696003519[29]" : [ 0 ],
					"u696003519[22]" : [ 0 ],
					"u696003519[23]" : [ -70.0 ],
					"u696003519[30]" : [ 1 ],
					"u696003519[31]" : [ -7.779527559055115 ],
					"u696003519[33]" : [ 2 ],
					"u696003519[32]" : [ -7.779527559055115 ],
					"u696003519[37]" : [ 1 ],
					"u696003519[36]" : [ -7.779527559055115 ],
					"u696003519[35]" : [ 2 ],
					"u696003519[34]" : [ -7.779527559055115 ],
					"u696003519[39]" : [ 0 ],
					"u696003519[38]" : [ -28.4375 ],
					"u696003519[40]" : [ 0 ],
					"u696003519[41]" : [ 0 ],
					"u696003519[43]" : [ 0 ],
					"u696003519[42]" : [ 0 ],
					"u696003519[45]" : [ 0 ],
					"u696003519[44]" : [ 0 ],
					"u696003519[47]" : [ 0 ],
					"u696003519[46]" : [ 0 ],
					"u696003519[49]" : [ 0 ],
					"u696003519[48]" : [ 0 ],
					"u696003519[51]" : [ 0 ],
					"u696003519[50]" : [ 0 ],
					"u696003519[53]" : [ 0 ],
					"u696003519[52]" : [ 0 ],
					"u696003519[61]" : [  ],
					"u696003519[60]" : [  ],
					"u696003519[59]" : [  ],
					"u696003519[58]" : [  ],
					"u696003519[57]" : [  ],
					"u696003519[56]" : [  ],
					"u696003519[55]" : [  ],
					"u696003519[54]" : [  ]
				}

			}
,
			"3" : 			{
				"id" : 3,
				"name" : "inconnue",
				"data" : 				{
					"u696003519" : [ 0 ],
					"u696003519[1]" : [ 0 ],
					"u696003519[2]" : [ 7 ],
					"u696003519[3]" : [ 0 ],
					"u696003519[7]" : [ 0 ],
					"u696003519[5]" : [ 5 ],
					"u696003519[4]" : [ 0 ],
					"u696003519[9]" : [ 0 ],
					"u696003519[8]" : [ 6 ],
					"u696003519[6]" : [ 0 ],
					"u696003519[15]" : [ 0 ],
					"u696003519[14]" : [ 4 ],
					"u696003519[13]" : [ 0 ],
					"u696003519[12]" : [ 0 ],
					"u696003519[11]" : [ 3 ],
					"u696003519[10]" : [ 0 ],
					"u696003519[21]" : [ 0 ],
					"u696003519[20]" : [ 1 ],
					"u696003519[19]" : [ 0 ],
					"u696003519[18]" : [ 0 ],
					"u696003519[17]" : [ 2 ],
					"u696003519[16]" : [ 0 ],
					"u696003519[27]" : [ 0 ],
					"u696003519[26]" : [ 8 ],
					"u696003519[25]" : [ 1 ],
					"u696003519[24]" : [ 0 ],
					"u696003519[28]" : [ 0.015748031496048 ],
					"u696003519[29]" : [ 0.0 ],
					"u696003519[22]" : [ 0 ],
					"u696003519[23]" : [ -70.0 ],
					"u696003519[30]" : [ 1 ],
					"u696003519[31]" : [ 0.0 ],
					"u696003519[33]" : [ 2 ],
					"u696003519[32]" : [ 0.0 ],
					"u696003519[37]" : [ 3 ],
					"u696003519[36]" : [ 0.0 ],
					"u696003519[35]" : [ 4 ],
					"u696003519[34]" : [ 0.0 ],
					"u696003519[39]" : [ 5 ],
					"u696003519[38]" : [ -14.012549212598433 ],
					"u696003519[40]" : [ 0 ],
					"u696003519[41]" : [ 0 ],
					"u696003519[43]" : [ 0 ],
					"u696003519[42]" : [ 0 ],
					"u696003519[45]" : [ 0 ],
					"u696003519[44]" : [ 0 ],
					"u696003519[47]" : [ 0 ],
					"u696003519[46]" : [ 0 ],
					"u696003519[49]" : [ 0 ],
					"u696003519[48]" : [ 0 ],
					"u696003519[51]" : [ 0 ],
					"u696003519[50]" : [ 0 ],
					"u696003519[53]" : [ 0 ],
					"u696003519[52]" : [ 0 ],
					"u696003519[61]" : [  ],
					"u696003519[60]" : [  ],
					"u696003519[59]" : [  ],
					"u696003519[58]" : [  ],
					"u696003519[57]" : [  ],
					"u696003519[56]" : [  ],
					"u696003519[55]" : [  ],
					"u696003519[54]" : [  ]
				}

			}
,
			"4" : 			{
				"id" : 4,
				"name" : "bonnefont-quadri-control",
				"data" : 				{
					"u696003519" : [ 0 ],
					"u696003519[1]" : [ 0 ],
					"u696003519[2]" : [ 0 ],
					"u696003519[3]" : [ 0 ],
					"u696003519[7]" : [ 0 ],
					"u696003519[5]" : [ 0 ],
					"u696003519[4]" : [ 0 ],
					"u696003519[9]" : [ 0 ],
					"u696003519[8]" : [ 0 ],
					"u696003519[6]" : [ 0 ],
					"u696003519[15]" : [ 0 ],
					"u696003519[14]" : [ 0 ],
					"u696003519[13]" : [ 0 ],
					"u696003519[12]" : [ 0 ],
					"u696003519[11]" : [ 0 ],
					"u696003519[10]" : [ 0 ],
					"u696003519[21]" : [ 0 ],
					"u696003519[20]" : [ 0 ],
					"u696003519[19]" : [ 0 ],
					"u696003519[18]" : [ 0 ],
					"u696003519[17]" : [ 0 ],
					"u696003519[16]" : [ 0 ],
					"u696003519[27]" : [ 0 ],
					"u696003519[26]" : [ 0 ],
					"u696003519[25]" : [ 1 ],
					"u696003519[24]" : [ 33 ],
					"u696003519[28]" : [ 0 ],
					"u696003519[29]" : [ 0 ],
					"u696003519[22]" : [ 34 ],
					"u696003519[23]" : [ -70.0 ],
					"u696003519[30]" : [ 33 ],
					"u696003519[31]" : [ -34.690698818897644 ],
					"u696003519[33]" : [ 34 ],
					"u696003519[32]" : [ -34.690698818897644 ],
					"u696003519[37]" : [ 35 ],
					"u696003519[36]" : [ -34.690698818897644 ],
					"u696003519[35]" : [ 36 ],
					"u696003519[34]" : [ -34.690698818897644 ],
					"u696003519[39]" : [ 30 ],
					"u696003519[38]" : [ -37.909202755905504 ],
					"u696003519[40]" : [ 0 ],
					"u696003519[41]" : [ 0 ],
					"u696003519[43]" : [ 0 ],
					"u696003519[42]" : [ 0 ],
					"u696003519[45]" : [ 0 ],
					"u696003519[44]" : [ 0 ],
					"u696003519[47]" : [ 0 ],
					"u696003519[46]" : [ 0 ],