{
	"pattrstorage" : 	{
		"name" : "layout",
		"slots" : 		{
			"1" : 			{
				"id" : 1,
				"name" : "inconnue",
				"data" : 				{
					"u807001833" : [ 0.23 ],
					"u807001833[1]" : [ 0.45 ],
					"u807001833[2]" : [ 0.896 ],
					"u807001833[3]" : [ 0.13 ],
					"u807001833[6]" : [ 0.45 ],
					"u807001833[5]" : [ 0.657 ],
					"u807001833[4]" : [ 0.1 ],
					"u807001833[8]" : [ -0.87 ],
					"u807001833[7]" : [ 0.365 ],
					"u807001833[9]" : [ 0.0 ],
					"u807001833[10]" : [ 1.0 ],
					"u807001833[11]" : [ 0.24 ],
					"u807001833[12]" : [ 7.0 ],
					"u807001833[13]" : [ 0.0 ],
					"u807001833[14]" : [ 0.0 ],
					"u807001833[15]" : [ 1.0 ],
					"u807001833[17]" : [ 1.0 ],
					"u807001833[16]" : [ 1.0 ]
				}

			}
,
			"2" : 			{
				"id" : 2,
				"name" : "centered",
				"data" : 				{
					"u807001833" : [ 0.17 ],
					"u807001833[1]" : [ 0.0 ],
					"u807001833[2]" : [ 0.77 ],
					"u807001833[3]" : [ 0.12 ],
					"u807001833[6]" : [ 0.0 ],
					"u807001833[5]" : [ -0.81 ],
					"u807001833[4]" : [ 0.12 ],
					"u807001833[8]" : [ 0.0 ],
					"u807001833[7]" : [ 0.0 ],
					"u807001833[9]" : [ 0.0 ],
					"u807001833[10]" : [ 0.0 ],
					"u807001833[11]" : [ 0.38 ],
					"u807001833[12]" : [ 7.0 ],
					"u807001833[13]" : [ 0.0 ],
					"u807001833[14]" : [ 0.0 ],
					"u807001833[15]" : [ 1.0 ],
					"u807001833[17]" : [ 0.603605121293801 ],
					"u807001833[16]" : [ 0.599056603773585 ]
				}

			}

		}

	}

}
